0,1,2,3,4,5,6
0.518855497350121,0.8179575478753215,0.10323367856582562,0.7688345731895582,0.9976420752521756,0.010657192390232204,1
0.5769478357380687,0.9528240226908373,0.09143927350367188,0.7467187718516113,0.9976806380707003,0.00836114073887931,1
0.8736357590395184,1.8263187370926528,0.0639203518727816,0.6474165858953742,0.9989922749457201,0.004085811383540214,1
0.8030167550190541,1.891305273466607,0.09337690940027292,0.6881147703414544,0.9978538790295283,0.008719247209146777,1
0.8544892274924223,2.2539526501187845,0.08433591345659591,0.6786563207645621,0.9963953852262339,0.007112546298558436,1
0.5850990370865752,0.9930839871466554,0.08147840471679003,0.7457730444676377,0.9990194687399576,0.0066387304351930325,1
0.7091968414000638,1.4770408443434044,0.07708474775882258,0.7121053223718551,0.999590547308467,0.005942058337041304,1
0.5062367531649195,0.7876854556911267,0.10344618487013463,0.7735266044159071,0.9988487566889988,0.01070111316418607,1
1.2229760857729195,9.333165808099846,0.057446725413250944,0.6141346386493723,0.994278088652293,0.003300126260705452,1
1.3816256943298686,6.11942473739207,0.05088858038518041,0.5551973486955419,0.9944254026441377,0.0025896476136189686,1
0.4209423624808241,0.5738987508218277,0.10837938171667255,0.8041099857363541,0.9980375962980556,0.011746090381288215,1
0.6877716891097801,1.233103946306444,0.08983474513539641,0.70633896342072,0.9975863463624814,0.00807028143354163,1
0.8333143705951139,1.6664043487879647,0.06298971279732095,0.6590505185747281,0.9978427535263042,0.003967703918288979,1
0.6717982830094376,1.2422247866012015,0.06711682674764677,0.7166878369033843,0.9985751254270072,0.004504668432673632,1
0.7599878450564564,1.9241222318182303,0.0797334719900094,0.7082916629430848,0.9988588871912926,0.006357426555581613,1
0.7372165569075286,1.637065144024664,0.08651870772458152,0.7078273236142192,0.999099258721127,0.007485486786331563,1
0.7713757584074589,1.572495228114825,0.07783453649933476,0.6845704170663008,0.9989934267521545,0.006058215072066276,1
0.5815289831462339,0.9827266174975071,0.08195181951846077,0.7467640517090389,0.9991054479911322,0.006716100722386367,1
0.953334136981898,2.017075522873848,0.05371329474943178,0.6183444296373318,0.9985457830832158,0.002885118032839336,1
1.031984544123647,2.337079703362373,0.050636437047009854,0.5990346702122497,0.9985381352789323,0.0025640487568157917,1
0.5806750983221571,0.9391619273972217,0.08695054626770901,0.7434637079769425,0.9979506529997202,0.007560397496253006,1
0.6612294205954148,1.1712909248932304,0.07923146422164822,0.716578219287774,0.9982745962650326,0.006277624922706321,1
0.9057545705997438,2.282533900020239,0.06829335528981202,0.6552313953734467,0.9973522300741806,0.004663982376740495,1
0.5750028277344192,0.9193303924895374,0.0984383046283176,0.7449549314114261,0.9971457964029907,0.009690099818097453,1
0.7805435749982886,1.55637707948244,0.06753802963253269,0.6802133186524227,0.9994358102986728,0.004561385446644864,1
0.7298051092517497,1.4385811816641856,0.08197684894891584,0.6979877838262402,0.9981102237015382,0.006720203763593364,1
1.0193227824806772,2.5372715004293953,0.06378047871608516,0.6147229770521184,0.9968113331230244,0.004067949465252993,1
0.9985151961989022,2.3409007127058246,0.07626185807741503,0.6147809246364525,0.9966695888494972,0.0058158709974197925,1
1.3417408506429278,4.415235975695918,0.06064344188098884,0.5554551359889199,0.9976547736230037,0.003677627043172871,1
1.157508944601594,3.0881479185233984,0.06492029422786558,0.5763520421787431,0.9965740107919543,0.004214644602632637,1
1.1360789226432824,3.2760100219229566,0.07644657681361397,0.5998307278360325,0.9981190879431925,0.00584407910651978,1
1.81527754485997,8.659148079825593,0.05933025580612559,0.4895748261126285,0.9958421687425241,0.003520079254020299,1
1.3796987087517933,4.488546150167385,0.05299431458987835,0.5410886004627278,0.9961620651328194,0.0028083973788509933,1
0.7958941248812121,1.675065682821846,0.08649162542268365,0.677268250013916,0.9968419018702487,0.007480801268257818,1
0.7477374895690329,1.4736089800532992,0.07710493041833572,0.689913586493625,0.9989845350986913,0.005945170294816393,1
0.5884140151912913,0.94610241870559,0.09806478927799042,0.7396249709055263,0.9980309245169618,0.009616702896136666,1
0.739136986660377,1.5818132976911186,0.08122924099106522,0.7024109395330594,0.9981827761104067,0.00659818959198455,1
0.5422208725579512,0.8889664945844721,0.10312413298198266,0.7612928947414951,0.9991348516715991,0.010634586803285644,1
1.0529306601966544,2.623477510018182,0.05690196548017668,0.6007472314641219,0.9971858822184453,0.0032378336755072186,1
0.72198201417426,1.490774819843964,0.0864102751146263,0.7064644118576362,0.9981514772486628,0.007466735645385405,1
1.1492209544841123,3.959698196540302,0.06932334943608838,0.6170832064884157,0.9968351660733392,0.004805726777038015,1
0.9374214593192697,2.4618994144541593,0.0793742055614014,0.6517599963721215,0.9981802094039233,0.0063002645085036045,1
0.6031172839506174,1.5890380658436214,0.08192270887034582,0.7523802456909493,0.9984139626136094,0.006711330228655438,1
0.8050667453620718,6.041856118567744,0.08247153683250863,0.7231962835043197,0.9981705654555267,0.006801554387515828,1
0.6741368717556219,1.3630488433482764,0.08853730563437301,0.7233351439356307,0.9986048231008506,0.007838854488994379,1
0.6786019522288697,1.3193963384463139,0.09114975444928194,0.7180462933051579,0.9972806894237609,0.008308277736164394,1
2.025201893622947,10.904344193817877,0.05425228140101012,0.4652350021599011,0.9879180593750232,0.002943310037214389,1
1.0934107788992575,2.9870818256839975,0.07483766082661521,0.6025545825906935,0.9946682297547946,0.005600675477999497,1
0.6017995128261908,1.0050737559391305,0.07307102604660931,0.7369391428870669,0.9988463273521065,0.005339374847504257,1
0.7478866126517796,1.3789542692777,0.06453994704827579,0.6840997207068733,0.9991258455016188,0.004165404764994243,1
1.212964270583251,3.9861601468719106,0.061890202127182395,0.5941071531808544,0.9966993839479706,0.0038303971193434923,1
0.5825702811244979,1.99140562248996,0.12372950276713449,0.757728849787446,0.9901129764061168,0.01530898985500234,1
0.49430941733100003,0.79303260094627,0.13832249269469507,0.7811751628112136,0.9962993812509234,0.019133111985273968,1
0.3911887795498247,0.5604343400067865,0.15460945116040897,0.8207739475007885,0.9944375434782532,0.023904082388122885,1
0.5417626446650193,0.827518811687677,0.10387637230667111,0.7565389422660879,0.9973547257160784,0.01079030072359415,1
1.752243744058862,7.08444131698826,0.04329559570229201,0.47886929450423243,0.9946620321949109,0.001874508607216326,1
0.7436028592038822,1.322329333071021,0.082484689723766,0.6821233707881496,0.996744293694099,0.006803724038825949,1
1.2372685185185184,3.52375518000518,0.05950842522336474,0.564884589580808,0.9956782623689803,0.0035412526725647924,1
1.3084161452582508,4.847392957919275,0.08002257808388026,0.5822229808851679,0.996894989386309,0.006403613003190713,1
0.5152048726467331,0.7570874861572536,0.14287554672975916,0.765552527597124,0.9903537625444542,0.020413421853327594,1
0.8490586107860867,2.0560224089635857,0.11404667856468201,0.6717089010696811,0.992874775661334,0.013006644891635898,1
1.7679487179487174,7.670722135007847,0.05198767458808132,0.47714207753051613,0.9956986971986513,0.0027027183090762357,1
1.7583718067097571,8.726854416743613,0.05872563675441098,0.5145085420053769,0.9961430214512044,0.003448700412211026,1
1.0593068151207685,3.2015354224656556,0.08677068558700823,0.6261950655925972,0.9977453545506525,0.007529151877239439,1
1.0833086468516506,3.41394292485435,0.08675344281458326,0.6265676296423746,0.9977234565579283,0.007526159840183169,1
1.688812785388128,6.904171855541719,0.04925663938021353,0.5042719629152275,0.9924561131135017,0.0024262165230324027,1
1.6136600625651722,6.543715408678913,0.043830950819844526,0.511996954895108,0.9956675192672575,0.0019211522497716298,1
0.5683824305775524,0.930709534368071,0.101657962362565,0.749939436548401,0.9990279177279933,0.01033434131170868,1
0.6063809541933887,1.0079579551005131,0.0850191801064403,0.7348920023070225,0.9983996052461386,0.007228260985971334,1
0.8486706218413536,1.758565882956127,0.08005264446934757,0.6565221546600566,0.9961735849985739,0.006408425886535763,1
1.1706378299120235,3.309388237210818,0.06419448760853744,0.5794090801729342,0.9963251784469683,0.004120932239322667,1
0.5000717746629539,0.7833142589708496,0.09460699347969215,0.7768325725048452,0.9982491345736105,0.008950483215266513,1
0.48804362394596834,0.7564975554040431,0.09011211153458452,0.7815275498782366,0.9987982034613979,0.0081201926452214,1
1.253903615413826,17.204045024059308,0.057212483134089505,0.604996679730618,0.9948420384441978,0.0032732682263684762,1
0.8662502407086462,1.970284517619873,0.07254949990941764,0.6568047203933406,0.9967150682704301,0.005263429937106591,1
0.7659323477265432,1.5206474850274325,0.0758456732877223,0.685254880122307,0.9990941011241758,0.005752566156467913,1
0.7766070392454599,1.69740009629273,0.09091090137340342,0.691931783133711,0.9992196170545279,0.008264791988524684,1
0.6253270538984824,1.0478806907378337,0.11174609595470927,0.7274907971184635,0.9970348151810818,0.012487189961119092,1
1.1860135637309552,3.3433435525826836,0.06770672374717532,0.5825811874639311,0.9942709017252022,0.004584200440576314,1
0.991743105379469,2.339804135258681,0.06756866578037353,0.6199559989327382,0.997428784877865,0.004565524595339821,1
0.742538360601027,1.4854332112165411,0.07331001257227758,0.6944636610805041,0.9987761460213659,0.005374357943347497,1
0.6047966610037961,1.0773065710270768,0.10148187613905453,0.7390371209991068,0.9981572850841118,0.010298571184702406,1
0.7591620287724457,1.503213273128216,0.06917298658820206,0.6891167647231862,0.998060556421645,0.0047849020735315825,1
0.7589990082776424,1.7099560951056756,0.07235995264520673,0.701185804797335,0.9976981347579672,0.00523596274681656,1
1.0462621858005665,2.7991629702027416,0.06535468899803998,0.6129041409897966,0.9952486412712136,0.004271235374030527,1
1.272772207315351,4.125900296568282,0.07277109683198149,0.5728405903517156,0.9963449617659984,0.005295632534129627,1
0.7878648586531831,1.6376695012640772,0.07796137155273425,0.6817739148125693,0.9979572289190087,0.006077975454383481,1
0.6928418803418804,1.342693236714976,0.0966228475667688,0.7128479431873851,0.9987739971337943,0.00933597467191104,1
0.6857175300176552,1.6579086173930246,0.08431523366364921,0.7223754028151679,0.9990606241401038,0.0071090586277557655,1
0.6942397184229797,1.2802955141379067,0.07842834231937923,0.7065420431389839,0.9988079326258439,0.006151004878965731,1
0.9996996347558631,2.5824802960399844,0.065959469005262,0.6292361332383489,0.9982648696561243,0.00435065155145612,1
1.4626126791783656,5.134303728880351,0.06124747037882257,0.5363040244313649,0.9963905190806661,0.0037512526278047484,1
1.4032709714527898,4.61410559137832,0.055705826734203684,0.5359092279213964,0.9932426610323262,0.003103139132141122,1
1.2359104437229438,3.446962932900433,0.05585434894633361,0.5611131875511984,0.9956794228145636,0.003119708296218798,1
1.7677197461262986,7.008048789135907,0.04379851502776221,0.46636676048856074,0.9940714440821379,0.0019183099186371123,1
1.2110492945392577,4.3160789915545195,0.08944442440832236,0.601571439888506,0.996693064120312,0.008000305057736093,1
1.3158662092624356,3.82598627787307,0.06517166239623019,0.5419517814016963,0.9956266203926097,0.004247345579488205,1
1.0906232132647224,3.1270578261469604,0.0755809097647031,0.6043565547355322,0.9913659319427712,0.005712473920860192,1
0.8534213989270171,1.8147535175625065,0.06936325007902043,0.6583163096732867,0.9988314083598081,0.004811260461524728,1
0.9517557934864,2.2706771304373197,0.06122248518995359,0.636229084498597,0.9986049854481873,0.0037481926928340866,1
1.621612387208995,6.0729394772399,0.03821767017765608,0.49224410293854587,0.9980879163232104,0.0014605903138081029,1
1.2476425890323168,4.561841984802711,0.0724708403724192,0.5931348579037059,0.995926871511781,0.005252022704284666,1
0.8431408120856286,1.8695286472935977,0.08181276737100224,0.6668220553396559,0.9974309384153034,0.006693328904901729,1
1.0466556925988661,2.7722244753520844,0.057766423477298406,0.613719936434967,0.9967943034451018,0.0033369596813585724,1
1.6001581219972023,6.083683026211762,0.0477317176101835,0.5044816783053526,0.993149560637436,0.002278316866018302,1
1.2184363008653012,3.447119877736364,0.058440114586094875,0.5667708396923573,0.9954286443511835,0.0034152469928358993,1
0.7242832388153748,1.389739789196311,0.08411605797518623,0.6979490373784057,0.9983652615148061,0.007075511209284892,1
0.5284081029386194,0.8305294731351069,0.09603149590339218,0.7645237665761563,0.997940920445673,0.009222048205443228,1
1.366778149386845,4.658444816053512,0.07031440301258615,0.5532514385811258,0.9907621123562094,0.0049441152710163845,1
1.4146829175395166,4.508887196089634,0.05982706584097399,0.5334145051776552,0.9903832861179234,0.003579277807140237,1
0.6956279587858535,1.1900306321358953,0.07816997513464803,0.6980921093907576,0.9977627909176763,0.006110545012551491,1
1.0257083119986345,2.432774364225977,0.06310911357407412,0.609879346095347,0.9976227784699567,0.003982760216105386,1
0.9594744121715075,2.2095781466113418,0.08442064093684289,0.6271373934818724,0.9905011434750634,0.007126844616187354,1
0.628748230802146,1.1242223758269974,0.11128841968919226,0.7311235272558348,0.9959390777610404,0.012385112356917796,1
0.502891742353064,0.773525420189999,0.10471764094130888,0.7743725199493516,0.9977999096950133,0.01096578432431289,1
1.3584389758886406,4.590061690732833,0.05190178003422099,0.5503751834330933,0.9958294986658729,0.0026937947707206603,1
1.1816267438799686,3.8245444707671608,0.07404452776605688,0.5986704429582097,0.9970194497932524,0.005482592092098369,1
0.9311329332605929,2.1316421167485,0.08908042435646471,0.6385952874173806,0.9943443291109042,0.00793532200352783,1
0.5979966675708142,1.047099624132987,0.09657048684043466,0.7427674063231888,0.9981836848811632,0.009325858928598564,1
0.7504134905796059,1.4866664269619827,0.07782832810407483,0.6917234611377013,0.9974096014319588,0.006057248655475526,1
0.553017430582105,0.8677095280574317,0.09108903799025157,0.7532071333759912,0.9987317110314378,0.008297212841989494,1
0.3870462261687125,0.9465147892935829,0.1262199012601122,0.8240060900970427,0.9972349917311676,0.01593146347411247,1
0.8286676567061295,1.8690001989331633,0.07160637578475755,0.6742970681266423,0.9981005149483504,0.005127473053027913,1
0.785060079999356,1.4772637644767443,0.06991814479955562,0.6710852375574007,0.9979541753462658,0.004888546972211627,1
0.5645006599021392,1.1510624212255083,0.07760996920141604,0.7541131364686402,0.9986003465284572,0.006023307319444746,1
0.5530118675331104,0.9836177819690819,0.08493647202869402,0.7564118496132514,0.9982628405824991,0.007214204280681122,1
0.71574533125969,1.336178508582986,0.09257056256174576,0.6980947516037539,0.9977475889168022,0.008569309052998086,1
0.781273007680206,1.546522982492851,0.06696833242786636,0.6754667286895839,0.9989215120222156,0.004484757548169216,1
0.8569953476500412,1.7638455890518125,0.04637871910181432,0.6532513980087482,0.9993580642043808,0.0021509855855249968,1
0.8512686710072769,1.7655049151027702,0.05334828693912606,0.6562270455071545,0.9990971783034189,0.0028460397193393284,1
0.9551219512195123,2.012052229613205,0.04948803138493153,0.6159788761922116,0.9987955329728894,0.0024490652503559684,1
0.871501272264631,2.519625047527127,0.11328722452396973,0.6829245455752201,0.9963877766577063,0.012833995240344329,1
0.7870081825305706,1.6896196672316075,0.0706671076345147,0.6855731932748906,0.9987188994402362,0.004993840101428085,1
0.7215824023954854,1.3557814119543936,0.0869059496472942,0.6977129654938706,0.9974599313202324,0.007552644084098035,1
0.6000859917364038,0.9943056691625245,0.07406873801222515,0.7371833504411001,0.9989909931721184,0.005486177950723646,1
0.8482181858816119,1.8241423622751145,0.06766207792403832,0.6602316325465494,0.9989850869228392,0.004578156788998633,1
0.7757860819969633,1.416996901349333,0.07507594111439174,0.6724401051598999,0.9979767062403915,0.005636396934211616,1
0.6028046516173166,0.943048400832042,0.0941701077755075,0.7311107002539565,0.9969144818838238,0.008868009198450698,1
0.8198714947193175,2.1147876454572256,0.0599851127547496,0.6799686730755171,0.9986622162601697,0.003598213752200024,1
0.7636735764891105,1.5999965013557247,0.06346866154336643,0.690260923835657,0.9992337233799617,0.0040282709981064,1
0.5687398575923166,0.9114058618976651,0.09422235142384507,0.7482101758327084,0.998270509145126,0.008877851507838559,1
0.6388341206270967,1.100961867597727,0.08463517376690351,0.7238592566825219,0.9988608884532976,0.007163112638553951,1
0.6486338797814207,1.0970458685212785,0.08458755605075256,0.717719707806808,0.9985795376414096,0.007155054638639208,1
0.5395763835428963,0.7981513557437345,0.09173656964596084,0.7553499956463208,0.9986000493583985,0.008415598210408225,1
1.0267648114027887,2.7233735276769373,0.054483066736707685,0.6178099216440083,0.9980610620301559,0.002968404561036543,1
0.7937871813507765,1.6730463807908693,0.0641037914489482,0.6799767696363939,0.9984011506438984,0.004109296078130245,1
0.8979667391432098,1.8442244030479324,0.045601239374785954,0.6356923298606942,0.9992996760474698,0.0020794730325165286,1
0.8939738665090777,1.8738189041005944,0.06518849715617078,0.6389293836935414,0.998458582746924,0.004249540161480086,1
0.4715699815837937,0.6911900119163688,0.1222754849838713,0.7854079648936174,0.997266154801146,0.014951294228040934,1
0.8064353209514501,1.7983870967741935,0.09456527160076639,0.6810512332216473,0.9977875666936913,0.008942590592926713,1
0.5178559086914881,0.8511497487238725,0.12641905882774337,0.7723468520261516,0.9989088479206308,0.01598177843489244,1
0.5824090780442936,0.9952991226208167,0.07744139542155043,0.7474428387827147,0.9993403165168675,0.005997169724836931,1
0.8018296954243604,1.6049996731018894,0.07611000976889327,0.6706753830073663,0.9976759032671828,0.00579273358702103,1
0.655183299085738,1.2140444920932727,0.10453106841944011,0.7216695962869566,0.9976119902159263,0.010926744264909671,1
0.6354832347140039,1.188224852071006,0.07734674982736488,0.7329258442752903,0.9995276441182517,0.005982519708856969,1
0.6533578108328627,1.1444266616456413,0.07394291245305586,0.7195300323926273,0.9989024814312522,0.005467554302040284,1
0.7786583683950848,1.4826400624701346,0.06816804914985909,0.6736996488197969,0.9989965626083718,0.004646882924897605,1
0.8845150820383632,1.8165218375838545,0.07054461259079935,0.6395884985918968,0.9986923116338229,0.004976542365585965,1
0.9670362575500915,2.674777133275157,0.07096343586776947,0.6433542973539722,0.998691319027817,0.005035809230159031,1
0.7524921181637599,1.467871266378729,0.09100479678212525,0.6885892938746329,0.998159680181758,0.008281873037355914,1
0.6592270157924517,1.291362049937536,0.07720527312108483,0.720474411578612,0.9993568678582573,0.005960654197701304,1
0.5357130279475764,0.8697104621034891,0.1337307984493949,0.7637359392176939,0.9990922565353398,0.01788392645391268,1
0.6886231654524337,11.31991341991342,0.10057392403167909,0.7894047753878299,0.9953439151290501,0.010115114195129957,1
0.5382759978271812,0.8959289548043716,0.10659588651644752,0.7636802712624298,0.9992245800559232,0.011362683022227359,1
0.9665090299418656,2.563642410657335,0.06523332445080685,0.6432912396179271,0.9978513061846592,0.004255386618904235,1
0.6289673550966023,1.1064712413946258,0.09708358134707863,0.7301620892361826,0.9983364881675685,0.009425221767174833,1
0.6179750427778472,1.055502691874296,0.0941695464829035,0.7324226536697285,0.9990089141435893,0.008867903484795724,1
0.7269695478650704,1.4421391212435988,0.09448736922728851,0.7011837691793792,0.9990480763250883,0.008927862943493948,1
0.6321419726880352,1.0794594212127642,0.10165637571530894,0.7256254093433269,0.9984158672626474,0.010334018723572053,1
0.7853165386218809,1.6032606753618013,0.0830362144155502,0.6794612374741785,0.9988645236754551,0.006895012904465228,1
0.46648881884067334,1.5863401673405937,0.13895577636377748,0.8051084848330727,0.9956103799213903,0.019308707784860143,1
0.6919303498495661,1.3832817352460967,0.08340644051033103,0.713058085450176,0.9990478590964388,0.006956634318603388,1
0.6310198455844398,1.1724901980165396,0.09120221208604999,0.7325330968928708,0.9987513796013033,0.008317843489388842,1
0.6533374863951422,1.119790771610242,0.09180428015020287,0.7165944228379569,0.9984201667950964,0.008428025853896931,1
0.7201044310259327,1.3267553455266765,0.07501336995378544,0.6955454523254603,0.9987840597329998,0.0056270056718234806,1
0.7940020410441214,1.5467965174684672,0.07074288219214259,0.6718919807065676,0.9992668937705735,0.005004555380851364,1
0.5852174812716826,0.9516652602241901,0.0782183123528185,0.7414222399115892,0.9984245045785828,0.006118104387323079,1
0.8370887831946096,1.7470344261366855,0.05566744625307423,0.6627206431042107,0.9990204340857514,0.0030988645723389083,1
0.6053028375411119,1.0958742095690444,0.11129345508479435,0.742660083490675,0.9993756459847966,0.012386233144711137,1
0.8258495334976754,1.664284748442392,0.06659629501684114,0.6620340646409216,0.9993624310799704,0.0044350665099701396,1
0.6328190013869627,1.1998208506703654,0.09345644688685106,0.7341072262502446,0.9995486291856526,0.008734107464714815,1
0.6774937946013031,1.3283909918295584,0.0918127806145857,0.7178636130487329,0.9990152969996221,0.008429586684182044,1
0.785961251862891,1.8748435171385989,0.09107203630114413,0.6961462143035532,0.9989500344591525,0.008294115796036915,1
0.7236761941797915,1.4165013934798112,0.08407270881725037,0.698163821974117,0.9959150365820201,0.007068220367870169,1
0.6810562245188205,1.2142536582282482,0.06973018948053923,0.7080631244774697,0.998665121544161,0.004862299324991904,1
0.6468651437771354,1.1135819575860748,0.09073196813416133,0.7195723437248834,0.9976157666267742,0.008232290041498468,1
0.8335114211407026,1.7548268516091743,0.06238819773458425,0.6645624025184002,0.9984373105829208,0.003892287216569583,1
0.7197800050798118,1.3855870113123496,0.07558762884330998,0.6994785931791949,0.9982040253154496,0.0057134896341539875,1
0.9312312124899886,2.093763326780458,0.07088788182724615,0.6361534316945989,0.9970305266625323,0.005025091789953614,1
0.8216064378985728,1.7317592873772654,0.08057629190250298,0.6698872208540853,0.9977530812891794,0.006492538816757368,1
0.7049171151042543,1.2585312665045723,0.0795087289195541,0.6985678857508967,0.9984962663574023,0.006321637974403138,1
0.7100849859280783,1.265795446763132,0.0751606095538197,0.6963077007254173,0.9985280892038323,0.005649117228501734,1
0.5488654147104852,0.8779391627543036,0.09998409177001014,0.7570415278355254,0.9987873271518571,0.009996818607073809,1
0.49700674984848703,0.7701928726411386,0.0795094502607572,0.7779227234650968,0.9995702821065282,0.006321752680767823,1
1.0664371411548044,2.6217060719315346,0.05491193203797211,0.5966728721538079,0.9975894163505853,0.0030153202801428674,1
0.5636448518801459,0.9546812664459725,0.08908045543626497,0.7546097346234801,0.9990491581653357,0.007935327540732388,1
0.5898669616247274,0.9556395366700464,0.10552494826794379,0.7395056346186766,0.998197118885492,0.011135514706952213,1
0.6326381558604955,1.112603823476101,0.10054046771790161,0.7282106266392492,0.9990905458199092,0.010108385648934414,1
0.9228037941920574,2.1341564776132467,0.05911094210693252,0.6357357924713377,0.9982130307749737,0.003494103476769128,1
0.7678273716081203,1.6151492804310843,0.06321470503665544,0.6924343737223265,0.9986803061925019,0.0039960989328713505,1
0.8305688554491563,1.6414203686370505,0.07007561963661998,0.6583792468783345,0.9992689291971403,0.004910592467456241,1
0.8627312317349216,1.7264869700294052,0.06411657883347117,0.6459860214581895,0.9990604645184187,0.004110935681308724,1
1.1102160113257526,2.6862096786469984,0.051812453266972563,0.5792968305534464,0.998986474204279,0.002684530313542216,1
0.6455017624982701,1.0991544350100813,0.06576634883431337,0.7194834957540617,0.9992369143222147,0.004325212638996592,1
0.6596094422545422,1.1624937701055686,0.07981727600267861,0.7167477082870941,0.9992459300341152,0.006370797548487776,1
0.8199457811184557,1.6513355327025252,0.059774672148353844,0.6643522953835338,0.9984198026258405,0.003573011430443189,1
0.7199949475811547,1.4024018421896407,0.06795586292060637,0.7009696155128199,0.9981911227109228,0.004617999305284244,1
0.892698080017965,1.9942196772167955,0.06679466503504813,0.6481718812744668,0.9994049332144163,0.004461527277144281,1
0.624676363396494,1.053303154735401,0.07377652412676611,0.7276661702300522,0.999533191560782,0.005442975512227301,1
0.8121725701774964,1.5174759558996014,0.06813969900286154,0.6587165132670665,0.9988362608946879,0.00464301858020057,1
0.8185458706053672,2.966545315858817,0.12579123103945491,0.6972840630338278,0.9989985796003148,0.015823433806421528,1
1.7263612975902332,5.772358466152136,0.04256121973760349,0.44575186299044905,0.9969299111448195,0.001811457425552569,1
0.7284916464647707,1.3196914134764077,0.10380822323052148,0.6898909949507899,0.9978803599588999,0.010776147210277781,1
0.6340129903554399,1.0991733718032077,0.07488689922391115,0.7255054942611002,0.9989231587818862,0.005608047675372225,1
0.6831891692681236,1.2237762313562262,0.10806277563872273,0.7078703503900121,0.9977582762179171,0.011677563478744928,1
0.7518031530180317,1.4208595807085957,0.0641011129917094,0.6851776310685063,0.9991577438544412,0.004108952686775895,1
1.0737002279033578,2.5399909573088584,0.05334408746886189,0.5885933541146932,0.9987793454059632,0.002845591667885588,1
0.614986123959297,1.1007057936752664,0.07316068987009972,0.7333182453432705,0.9986070481253215,0.005352486542268912,1
0.5583953628234072,0.9087554511908755,0.10428461372181677,0.7529808672212901,0.9968873860665378,0.010875280659108536,1
0.8897969291728579,1.947795054128635,0.0577909954017487,0.6464723632042255,0.9986703989112001,0.00333979914952494,1
0.7835136259621385,1.6345364399140143,0.06458734535416152,0.6825373598752651,0.9984802043662797,0.004171525179897731,1
0.8959113424058073,2.042857013336718,0.05150433507012372,0.649454621350404,0.9992039625632977,0.002652696531015576,1
0.8325940796642176,1.864453810659968,0.077953604660341,0.667842974672117,0.999454436845484,0.006076764479540738,1
0.8113340655717346,1.8272506160865498,0.07259593488264987,0.6768953681060055,0.9995650945030677,0.005270169761485941,1
0.8964395047680972,1.8810312364542696,0.05976681856595415,0.6382769201554565,0.9991382227663227,0.0035720726014956817,1
1.0170969306450495,2.438217972701448,0.06679635619370272,0.6098662021253763,0.9988154231984804,0.004461753200756009,1
0.7997847858347125,1.6646147511052063,0.06133080253108062,0.670417245771895,0.998343162813147,0.003761467339106405,1
0.9692177239312978,2.282850538178141,0.0626299818384618,0.6248754742004017,0.99801814597605,0.003922514625086054,1
1.0092648778483613,2.4127729844189503,0.06238772221499849,0.6105361929008803,0.9979830124654214,0.0038922278831758166,1
0.7866288356452291,1.5086464901218997,0.08079214808196088,0.6720847302081688,0.9979992414765042,0.006527371191697494,1
0.6144493941227154,1.032623879447836,0.10114898482252015,0.7319169271548485,0.9982895080680869,0.01023111713062641,1
0.7113212687614552,1.328595842345987,0.060207269967026335,0.7013856191936562,0.999317376455961,0.003624915356882391,1
0.7001038012742502,1.340013601546281,0.06936442231315153,0.7079468043852897,0.9995032228039354,0.004811423082837234,1
0.47404850553314726,0.694076429827283,0.08809644656535721,0.7841161466366244,0.9995022804468103,0.007760983897442838,1
0.6532144403502724,1.1232128498086935,0.06796560536337042,0.7175582203124351,0.9993242727293006,0.0046193235124094055,1
0.765811325300778,1.4357909338775774,0.07856046072409062,0.679031024025346,0.9992152454753707,0.006171745989181385,1
0.7953297497254492,1.5979823309457437,0.0757272541094318,0.6734259210880391,0.9992963339976203,0.005734617014954456,1
0.6811099563500311,1.2264657382387585,0.08675738265698442,0.7096299763851802,0.9987049209441909,0.0075268434454904215,1
0.8272139176717062,1.6065978710152315,0.0673046328220736,0.657180760402119,0.9983521890016755,0.004529913599314147,1
0.641392482720896,1.1034328525103434,0.07880258360798745,0.7223456409539339,0.9994377777137633,0.006209847183293852,1
0.6769637501292792,1.187618936808357,0.0730643482277979,0.7089278413195386,0.9991277802571823,0.005338398981952916,1
0.78562681285053,1.5940714627743007,0.08143351241087844,0.6790311540535642,0.9992614911751746,0.006631416943572694,1
0.7093790958750213,1.2885612641142326,0.06743569855463054,0.6990646955842101,0.9992355058297906,0.004547573439550999,1
0.6608072955303009,1.1302730878411127,0.08094597523807964,0.7135826446900603,0.9975537831765564,0.0065522509072438034,1
0.7453646078798646,1.4032418540762852,0.08845135711734392,0.6864199481188509,0.9980527678216997,0.007823642575899906,1
0.9878573219814627,2.2650545123189647,0.07961321281938707,0.6150308084266051,0.9951574477601196,0.006338263655425019,1
0.9882146758826982,2.1759276086152766,0.056577454370964085,0.6104189696789841,0.9991284387785693,0.003201008343098523,1
0.7305074400629453,1.318587718689253,0.06027843886995754,0.6891757889594861,0.9995636798253766,0.0036334901925992084,1
0.5926310094091876,0.9447299312456287,0.08477757403393565,0.7369019568526899,0.9984313646641569,0.00718723705907944,1
0.5902669204450185,0.9347325130854464,0.07568223179670422,0.7371763760781789,0.9990404551537454,0.005727800209730067,1
0.675884623385028,1.1925498776331975,0.08691020432236102,0.709961421853215,0.9966009394350401,0.007553383615354539,1
0.6921016131961758,1.2087949738289054,0.0831946772043983,0.7020769709791094,0.9975152148945707,0.00692135431514403,1
0.6349422383728129,1.0921450491159579,0.0866873501986428,0.7248667662338544,0.9975874930995274,0.007514696684462137,1
0.6980022657631878,1.2312008780421169,0.08661492426825364,0.7003003042618964,0.998401678012835,0.007502145105995313,1
0.7443290043290044,1.388760730794629,0.09055434531162063,0.6868405954375723,0.9977369630486314,0.008200089454816229,1
0.7286023835319609,1.3529925473587445,0.06519873016722419,0.6936710652316701,0.9989638714855307,0.00425087441541851,1
0.6109123863449124,1.0198550008238592,0.06523232732416984,0.7328847161457536,0.9996018331908111,0.004255256528127634,1
0.7632561272810129,1.513484971567831,0.06452142730833932,0.6849285217985882,0.9995478974558796,0.004163014581905314,1
1.1969953562764193,3.038802981122693,0.059950091799722695,0.5556686183719439,0.9975340247059173,0.003594013506795178,1
0.6742599990373972,1.198602621488505,0.08144577299384093,0.7112346014286258,0.998914289944393,0.006633413938564268,1
0.7826284484144457,1.540835797110566,0.08271513780878299,0.6762543190512132,0.9991957180745081,0.006841794022725961,1
0.8304712588310855,1.7539378612716763,0.0752383068761254,0.6631966897330499,0.9991485982875706,0.005660802821586018,1
0.7816376865211493,1.537881366383031,0.06336224471215075,0.6771398869251538,0.9990435246219759,0.004014774054962476,1
0.7740865914301879,1.4211719223019585,0.06164977695859729,0.67248317540567,0.9986738276760315,0.003800694999044793,1
0.7372442104793919,1.3539677136332597,0.08617705788841377,0.6882036946715557,0.9984204498373174,0.0074264853063030194,1
0.7560334018433058,1.443483581304964,0.09331518569138843,0.6849367612363013,0.9993007985535541,0.008707723880618305,1
0.6104898503621583,1.0498136217753142,0.1011962444657891,0.7353815219243767,0.9960921722538745,0.010240679893979752,1
0.8356886026067643,1.7481586983858137,0.06085669312026565,0.6634042671407494,0.9987304007595064,0.003703537097534188,1
0.7978509852088125,1.6479651411753156,0.05845364805941778,0.6762885262498327,0.9989826938004125,0.0034168289714542758,1
0.7315522420905557,1.3259372061012602,0.07907542514421538,0.6893120147233195,0.9992096630855707,0.00625292286173841,1
0.6346199732026505,1.0705434110945922,0.06849607278157785,0.7234420135687837,0.9995440761524905,0.004691711986499209,1
0.6864053593541357,1.2177140621615241,0.07206287945374645,0.7059704239475426,0.9987613611526636,0.005193058595165193,1
0.6736312275295325,1.1740318438623527,0.06962485931935988,0.7096718064357711,0.9986460159694174,0.004847621035240655,1
0.6555297139683423,1.1113955614181246,0.09149889515260161,0.7149034642749009,0.9976098108536562,0.008372047814146782,1
0.6817369788681263,1.2043145834129436,0.07903642217265591,0.7075783176271635,0.9975715604967723,0.006246756029854294,1
0.6926143701991706,1.24710873949199,0.06835378132101126,0.7051226491775012,0.999036211459538,0.004672239420880629,1
0.7027667667667666,1.2476896896896896,0.07558194310559309,0.6996487596312929,0.9985579642228912,0.005712630123617111,1
0.7502444980440156,1.3508936928504571,0.065324963124666,0.6803713596256001,0.999063366771429,0.004267350807238973,1
0.6959571872227153,1.2150454747116235,0.06949957601440027,0.7001746951246322,0.9993166143217529,0.004830191066181401,1
0.8493621741541875,1.746783139212424,0.06431910769300672,0.654709806385484,0.9980442605259068,0.004136947614424596,1
0.8994194509326023,1.9095494397616872,0.06084125591530791,0.6394058180946065,0.99814631632298,0.00370165842135199,1
1.0415601049606815,2.396975103026976,0.06267874773914295,0.596962302201478,0.9989830740061342,0.003928625418147117,1
1.3635883821623844,3.878644796308587,0.04912848638513283,0.5210655091834604,0.9986098669514142,0.0024136081744941815,1
0.5929080602751563,0.95712136222449,0.104419043853874,0.737402536038569,0.9986005282668442,0.01090333671935726,1
0.49717476055253407,0.736083168888675,0.09758569616566772,0.7743483774120156,0.9989222751864104,0.009522968096138016,1
0.7774692160943463,1.5067377731529656,0.08049657956938631,0.676777891822413,0.9977583752377803,0.006479699322370542,1
0.6362906384645514,1.0945227836532183,0.09334072220754135,0.7244959951927867,0.9976897874731411,0.008712490422225402,1
0.8640421799508028,1.7087584158998028,0.0626362499413658,0.6445071913597504,0.9994807433775071,0.003923299806717247,1
0.6590631003674481,1.188665995187734,0.07120467689739214,0.7186706548937237,0.999108811636884,0.00507010601206201,1
0.6083757670714193,0.9800598735381344,0.08573835260971696,0.7309740486248788,0.9974179351321439,0.0073510651082281595,1
0.6647932861328752,1.1861066812530978,0.0702519924183973,0.7150087389248658,0.9990557678112472,0.0049353424387545515,1
0.46106592225377424,0.6792751600327287,0.13231734719489988,0.790163365625626,0.9976561941187905,0.01750788036869568,1
0.9342654112631018,2.1337881210398533,0.05489993275447874,0.6351618089577132,0.998516556123581,0.003014002616446288,1
1.2149515021742539,3.2594370662838,0.04641655726485453,0.5606093255597259,0.9990197995500552,0.0021544967883215197,1
0.7814154871943001,1.4973732668977469,0.07641924630340502,0.6744425949952998,0.9984137101852146,0.005839901205580482,1
1.512893812161277,4.51372163659103,0.05202859529696009,0.4837599871512386,0.9965908664642488,0.002706974728574858,1
2.1986957810493037,9.758027862859402,0.04032518315392649,0.3934543709598681,0.9920093067286673,0.0016261203963977165,0
2.140336420237535,9.466711139015333,0.037779067970321184,0.4042486769828432,0.9916922930718822,0.001427257976706148,0
1.0006112469437651,2.445982549499017,0.06847325212821405,0.6223315562350085,0.995402603270027,0.004688586257013971,0
1.02073830809463,2.4052058626771267,0.06723381220610072,0.6073427426931387,0.9963905936382235,0.004520385503765218,0
0.905605786618445,1.8879445449065706,0.09081027535551271,0.6338402204729292,0.9933856906061254,0.008246506110144039,0
1.1128536116451526,2.7436510116268424,0.06787638137808097,0.5820060071070765,0.9946559958364807,0.0046072031489826975,0
1.384121557454891,4.19920227920228,0.055939994202242244,0.5282960162910043,0.994657342082772,0.0031292829513468955,0
1.1628313917253943,3.2303442159259794,0.06275966046814598,0.58410881509148,0.9953015499276305,0.003938774982076964,0
1.4248420817262006,4.334115937168093,0.0590026811873633,0.5151715204723921,0.9941145362689775,0.0034813163872976353,0
1.3392176246292895,3.8544697076684082,0.06337033466661403,0.5290777661426436,0.9925443929305572,0.0040157993157586645,0
0.9252853653120144,4.090766155896071,0.1945429415496505,0.6749058438840932,0.9966517131185748,0.03784695610679072,0
1.481012245961438,4.433070609692548,0.0479530671380198,0.49495507095705565,0.9954508925286379,0.0022994966479434344,0
1.2479662747422848,3.295754701445838,0.057994845648866096,0.5462321031697568,0.995464042570995,0.003363402121835803,0
1.6752243182139326,14.362839126748623,0.05368261303388438,0.5182404398575949,0.9964005770740549,0.0028818229421457733,0
1.3690561815711662,7.308825488158982,0.050496740335902776,0.540125233797366,0.9971563197944955,0.00254992078455159,0
1.4976737588652482,5.039390070921986,0.04505435606299902,0.5137233370351335,0.9984057110326069,0.0020298950002514966,0
1.5821985815602841,5.823262411347519,0.045696187392122195,0.5013276635699222,0.9981358545707509,0.0020881415421759473,0
1.4446051838456901,4.343500100462126,0.05256767681023021,0.5098874381943275,0.9964919795830106,0.0027633606452248153,0
1.533635712580568,4.882708681467335,0.05832352520482536,0.4895673811831026,0.9949129577287064,0.0034016335923178985,0
1.8585372960372961,6.912878787878786,0.04868112169978109,0.4342666298139388,0.9925865593177469,0.002369851609948897,0
1.4090409668811807,14.153220321247321,0.07371023215124319,0.5783886893241619,0.9910023866162385,0.005433198323790164,0
1.1493997285729203,2.9072032571249613,0.07266359143924563,0.5745229432447717,0.9925110059908054,0.00527999752084961,0
1.4026534646080404,9.73177258148728,0.04472581288986502,0.545388034903793,0.9953670950758101,0.0020003983386592157,0
0.9865700604486886,2.3138724853764434,0.08703971317906525,0.6187555528690705,0.9850811285489299,0.007575911670293945,0
1.3015004748338084,3.559487179487179,0.05407036258761585,0.5346530560109666,0.9958405659802371,0.002923604110356248,0
1.2681174157684223,3.4416423745282807,0.0515236564602406,0.5442439147587287,0.9965119377689063,0.002654687175032893,0
1.0593105570944905,2.4175284702985533,0.05823294491584484,0.5893675866849406,0.9970443099960682,0.0033910758735718194,0
1.250633369525878,3.3192075961763643,0.07044051151312054,0.5458279067363707,0.9912568374604933,0.004961865662230067,0
1.1237603090092914,2.7319866374360586,0.07294055588226007,0.5747426651557968,0.9910096975726029,0.0053203246924131056,0
1.4202495909082737,4.361861861861862,0.044581801125235306,0.5201324194978745,0.9977408417224757,0.001987536991570032,0
1.2448442760942757,3.302601333851333,0.061413547611728535,0.5479990542105501,0.9981405221885651,0.0037716238302580476,0
1.09490962508782,2.589044303932213,0.07737140527339523,0.5803615324825451,0.9878141660296252,0.00598633435397997,0
1.2910370474979993,3.4639646001035636,0.058177349141391416,0.5354382728311893,0.9928146049967174,0.0033846039531193564,0
1.599696054299993,5.495888341910943,0.05092161803681246,0.48598211222936144,0.9947130559540893,0.002593011183487024,0
1.4285724749139386,4.36509924558705,0.06560899207104585,0.5141023796121912,0.9932943727524192,0.004304539840578558,0
0.9511319174325611,2.1624269962020817,0.06699421458060137,0.6274858934677093,0.9977224854116905,0.004488224787271662,0
1.307343547594586,3.5618067032950673,0.0656090487727317,0.5330096505107962,0.9894888326877838,0.004304547280862687,0
1.3309312551836379,3.593829710655212,0.06816121082799981,0.5234279720200548,0.9897558454642982,0.004645950661539037,0
1.3866666666666663,4.173900709219857,0.048295032253172714,0.5237448110660435,0.9974005677585988,0.0023324101403349924,0
1.7911017409806025,7.791645312087469,0.037556518175572394,0.4680000936338633,0.9986159462409752,0.0014104920574720997,0
1.4685392239317931,4.635370800969673,0.05272734097895372,0.5075483353359196,0.9954577317907529,0.002780172486710852,0
1.3392711667986184,4.036412974883251,0.047788338583384805,0.5393475683633201,0.9969679809221619,0.002283725304560225,0
1.3143593160115479,3.7910459693537644,0.05382196496091097,0.5402407230592787,0.9969339254581385,0.002896803912253528,0
1.5695048724015976,5.194927868101672,0.04098952791434574,0.4899802146767238,0.9968719878529845,0.0016801413986409287,0
1.2534905749739507,3.5350951974992895,0.047393184020378086,0.5513276976293233,0.9977338620560631,0.002246113891589421,0
1.3458942751910754,3.7958314704817866,0.04982949543640008,0.5251271667041497,0.9966050307211748,0.002482978615446216,0
1.268641583033027,3.4326022655351904,0.05299077465813534,0.5433320018117523,0.996674884981599,0.0028080221988692785,0
1.1031595530530676,2.620659139753576,0.05334730994497846,0.5799128760665492,0.9984691052868322,0.0028459354783655975,0
1.6777059368969753,6.376149662932611,0.04032216070197616,0.4867557016037713,0.9971245253831927,0.0016258766436759908,0
1.5545461581625741,5.220264700760434,0.04917297500464399,0.4959597276696639,0.9968773108685904,0.0024179814708073424,0
1.9247209269464463,14.008531157270028,0.044358659442652965,0.47425586571020206,0.995963532314762,0.001967690667549265,0
1.705720354500842,7.00908225298469,0.05047477231692671,0.49020302281340666,0.9980076531095925,0.002547702640445591,0
1.0721531720457607,2.565393074523042,0.0820038393157232,0.5929826484002437,0.9943086019106581,0.0067246296625189505,0
1.1746506163169395,3.0404762886314605,0.0676871133830978,0.5676260601669426,0.9955220586190819,0.004581545318136337,0
1.6302703121069637,5.718910237804996,0.05334023422503349,0.48098791572475375,0.9965908209212612,0.0028451805871814342,0
1.4199150369882079,4.271581337434998,0.0589754372584478,0.5126328819204444,0.9967526203238161,0.0034781021998251133,0
1.142627993847506,2.7739617666446934,0.06983771005329446,0.5685027264639164,0.9951894840363263,0.004877305745488027,0
0.9802984528060059,2.1494095028838234,0.07631768186691072,0.6121855801507761,0.9930740869078559,0.005824388565538994,0
1.5908930337713723,5.606259714568321,0.03796649597784941,0.4947154588404462,0.9975936590722335,0.0014414548168360554,0
1.4673498091219612,5.056479807112718,0.043473999740670864,0.522305224552999,0.9970140951549155,0.0018899886534518504,0
1.835882222563211,8.128126438545344,0.04246756398840708,0.4602559791485918,0.9971443938262528,0.0018034939911094495,0
1.8673343224530168,7.832132259431963,0.043950043414595685,0.45608576237509996,0.9968852254282097,0.0019316063161448455,0
1.4648230557321469,4.616746889474163,0.04887548688475045,0.5089086387646998,0.9974628990903963,0.002388813218221413,0
1.6669735563398294,13.878710381395665,0.04831516676330702,0.5065651750463587,0.9935959193570979,0.0023343553393661673,0
1.6404516866781018,5.542853058890795,0.04037166280057149,0.4712253541790241,0.9965941167958422,0.0016298711572830477,0
1.3159643386916116,3.7187131050767417,0.04932005592417942,0.5371813960733028,0.9971827945279972,0.0024324679163641857,0
1.7259942869698968,6.502439024390246,0.038767466549518105,0.46834801170412993,0.9968686724575231,0.0015029164626680052,0
1.144975939093586,4.3931470023907,0.11724600633737892,0.6075054405450901,0.9964557656332449,0.013746626002064697,0
1.0405546834118262,2.4676999004730096,0.07354678462199543,0.5987693893427084,0.9929389881481681,0.005409129528234183,0
1.351648195510088,4.070555081936155,0.05613528752651543,0.5318003028023958,0.9973842708139583,0.003151170505684559,0
1.3694223198754918,4.119985352009521,0.05228904204353637,0.5305076673485692,0.9945088307440487,0.002734143917830714,0
1.2821607780455029,3.731206908891381,0.055119965977773196,0.5516403213908847,0.9958327375537511,0.0030382106493908744,0
1.7273566249176007,6.6480041016626386,0.04484704527361518,0.46809762459068716,0.997743528993688,0.00201125746977369,0
1.6314720264633973,5.773389184524665,0.04226384242160878,0.47959411974293054,0.9980108298093476,0.001786232376238578,0
1.2678897539407918,3.4808126682045373,0.05715559239602048,0.5443502977137985,0.9962174758450443,0.003266761742140034,0
1.4796759132106565,4.6199304220452255,0.050733694943602636,0.5035870598568835,0.995899129163531,0.0025739078026305318,0
1.1226526606895937,2.6988714929301043,0.07037461935421847,0.5736657709042481,0.9957231443546063,0.004952587049251142,0
1.5234213308318818,4.867043373386341,0.057600074825824,0.49406630477008845,0.9950701025508797,0.0033177686199405234,0
1.3621183677502222,3.858495537331621,0.06489684685790076,0.5226928917183187,0.9959100937742301,0.0042116007320978244,0
1.0295886524822697,2.3610638297872346,0.05950808484875042,0.6011139442725357,0.9973022489385012,0.0035412121623660795,0
1.5224216524216523,5.141471984805318,0.049696321865897286,0.5046252800595846,0.9966477086136671,0.002469724406998861,0
1.5521656913982813,5.123390062685188,0.04692640141795204,0.4937999883248365,0.9976736890462395,0.002202087150038771,0
1.7042327644538007,6.272861689597273,0.038657725913142975,0.47117025191276907,0.9960571147529386,0.0014944197727756858,0
1.6261703837653207,5.5753164556962025,0.03832226319504723,0.4816662106298269,0.9969238230224343,0.0014685958563904714,0
1.3188338703504807,3.900651827710085,0.04917153325546951,0.5427511109874811,0.9982637920102094,0.0024178396826937437,0
1.1865801332758044,3.0854966681048945,0.057980374197406516,0.5657123204133957,0.9979564511161438,0.003361723792071283,0
1.1731665960152606,2.8934400169563372,0.05684467563050639,0.5591017422663461,0.9971898181314344,0.0032313171475374866,0
1.3897657321235815,4.4965525960070405,0.06354801362519644,0.5326317817701253,0.9970683297486901,0.004038350035708151,0
1.1724486680406079,4.560383431290234,0.09618304219852138,0.594658668754329,0.9961098841817053,0.009251177606562543,0
1.236983138887744,3.3231163512937845,0.05892752245185928,0.5526285231949823,0.9969910694903391,0.0034724529023143795,0
1.4100513955677683,4.202090171233748,0.05113382669072431,0.5158364949109102,0.9964638165234768,0.00261466823203703,0
1.352257214141129,3.9043920350233026,0.056768383647395164,0.5255412031145911,0.9964305301872167,0.0032226493819378426,0
1.652147752838382,5.781693088473813,0.048520580898689374,0.4752505809453629,0.9952239500792999,0.00235424677074626,0
1.5674232131916142,5.580103359173127,0.03795274384596434,0.5000688962930891,0.9981128453594205,0.001440410765437384,0
1.5054746558446725,4.796984164876263,0.04445625320958071,0.4994077543974138,0.9981361046690587,0.001976358449434355,0
1.4465039180229053,4.316747036367289,0.06023855706789307,0.5052133305201312,0.9905149127363609,0.00362868375762181,0
1.4231489361702128,4.198737588652482,0.05673745367891747,0.5096106050592175,0.9916665349688026,0.0032191386499673055,0
0.8227394980747278,1.6372748205336587,0.09966435113145124,0.6614948716535809,0.9945718117623588,0.009932982886453206,0
1.1013651483713731,2.724096762506999,0.07457209295035346,0.5865546518836011,0.9947682762127815,0.005560997046996155,0
1.5159991523627887,4.933505888051343,0.04693117504920058,0.5001099105034391,0.9954954483948789,0.0022025351914987073,0
0.9057555983287168,1.9168661878159083,0.05470945395194241,0.6368150301923597,0.9984796524553897,0.002993124351719707,0
1.1128311440048566,2.8130933467663812,0.049339153228270274,0.5835500073005471,0.9982642000351486,0.002434352041282733,0
1.344501682232553,4.075874970334073,0.05428118026546502,0.5381526025521048,0.9953964356446883,0.0029464465310119095,0
1.6716879432624114,14.01005673758865,0.08377010977181858,0.5350976846187727,0.9960946453798861,0.007017431291182535,0
1.5070314216655682,5.055526257965283,0.05195969759875824,0.5049727470485177,0.9961230162922867,0.002699810174554402,0
1.3211694730669348,3.6185306190835216,0.05209454124070931,0.5299842118109984,0.9969747446989713,0.0027138412270799627,0
1.5849433710859429,5.661132578281145,0.04736800095265001,0.4932418090494938,0.9953104965011463,0.0022437275142502522,0
1.545546344884697,5.140226126194639,0.05193977373872142,0.49525423601548285,0.9947328763176955,0.0026977400960295755,0
1.299995459086368,3.6494036266763543,0.05325483094151518,0.5384441468293125,0.996294059559495,0.0028360770186093625,0
1.2295392953929538,3.3211382113821144,0.06763351788212815,0.5551840408555977,0.9946022529661344,0.004574292741112149,0
1.372406847935549,4.000677469559645,0.0593723908809469,0.5248295994656951,0.9962449738239016,0.003525080798919947,0
1.209389095752732,3.1821284775830234,0.07088142790536804,0.5588640224917246,0.9957235940247224,0.005024176821903888,0
1.2737028917423532,3.485750078296274,0.0586290225867582,0.5461532033612594,0.9975267246617296,0.003437362289478603,0
1.210583273653219,3.211538155486593,0.06267704601060986,0.5600874219700729,0.9975274588059503,0.003928412096616106,0
1.3531959149574617,3.8426508447990724,0.05343155212888102,0.5251510273210472,0.9933870422132186,0.0028549307629013292,0
1.2903263000115301,3.7031707598293555,0.05912094889036174,0.5480100117271807,0.9938665565715961,0.0034952865976967656,0
1.0760527387874523,2.6285014135278937,0.06082457274760165,0.5928846947285085,0.9963310823567753,0.0036996286499282847,0
1.0937134502923977,2.6006848261003386,0.053232251903321634,0.5813247608258375,0.9984144853355228,0.00283367264269869,0
1.1167716383019908,2.8030776790101397,0.07295279189856843,0.5834568025425263,0.9970779160786645,0.005322109845795832,0
1.1422228325551589,2.86158564496933,0.06591639042601254,0.5734749505776037,0.9957068173112706,0.004344970526794517,0
1.0389504847042434,2.437065846249105,0.07613053248156565,0.599276794521055,0.9930370977607993,0.005795857975926723,0
1.0912343999526826,3.2196033201238143,0.06309585863642782,0.5874255707833217,0.9949145458981542,0.003981087377068083,0
1.6042122660472597,5.4539018180193874,0.04849707515359784,0.4840471872911095,0.9968590935157455,0.002351966298453717,0
1.3702778177285584,3.895914233664126,0.05940356658344944,0.5203277672884944,0.9965921849653469,0.003528783722834311,0
1.5808482163459319,5.53284415524482,0.038758633977725505,0.4941603171719132,0.997600029462813,0.0015022317078192979,0
1.2791069783027562,3.429127921588339,0.05209977938749097,0.5384253959547588,0.9964169162640535,0.002714387012225229,0
1.1404787478901337,2.8655567490153953,0.06756621249559937,0.5734126436068434,0.993764191574244,0.004565193071000488,0
1.2893458135133755,3.5710364346239745,0.0681040370737949,0.5412318976154971,0.9945184226981383,0.0046381598657488305,0
1.2571329639889197,3.3967913204062787,0.059827186490265576,0.5464954737373209,0.9937946812973742,0.0035792922433410157,0
1.2412525285659615,3.3912625517103128,0.047807393489964774,0.5523755986990945,0.9972274332736467,0.0022855468723043263,0
1.0322267460068903,3.4642760204614267,0.05681476922058701,0.6047795224197933,0.9970856160150827,0.0032279180015885606,0
1.3206832871652818,3.6837334564481385,0.04952004305050135,0.5308074392497996,0.997153483036067,0.0024522346637235073,0
1.5205957069544611,5.663350553253882,0.059746746996604295,0.4998552980635393,0.9955766365585745,0.003569673776676245,0
1.6267624844423987,5.337928153717628,0.05093713416152618,0.47190373750306924,0.991120864119483,0.002594591636589318,0
1.4709432533017157,4.516014557191318,0.04812474820044304,0.5017876644147343,0.9948905979297725,0.0023159913893560456,0
1.4548375890220602,4.5845058190029535,0.05125647024028612,0.5110604413345842,0.9951117842856165,0.002627225741493337,0
1.4633687943262415,4.558872340425532,0.04836725809211567,0.5072908765944267,0.9960606013587652,0.002339391655349329,0
1.346468085106383,3.792297872340426,0.0491418644426865,0.5256629732630395,0.9962039224692034,0.002414922840903376,0
1.4965564738292012,4.859950655405201,0.061823672163385635,0.5050629061594419,0.9966513856494291,0.003822166439765784,0
1.1847729789590258,2.938305647840532,0.05817726614085114,0.5563276184537504,0.9964777878044567,0.003384594295623425,0
1.0530126157122963,2.5620238387810277,0.09101201595123692,0.5997353267974151,0.9935973635474915,0.008283187047508203,0
0.9561267240973499,2.1275008238007818,0.0875445111332715,0.6230741913887448,0.9934229196200345,0.007664041429563496,0
1.3062413577768859,3.552115393193273,0.0505646745457235,0.5331517138693076,0.9966589977427385,0.002556786311914938,0
1.270252906902781,3.4877681093046333,0.05381583386276422,0.547017420133436,0.9965804993904703,0.0028961439743446405,0
1.1719778838904247,3.0941191254083944,0.07615580255465654,0.5702099050203804,0.9951063120808679,0.005799706262743831,0
1.15809135226791,2.9129486364278647,0.06636738210037922,0.5693198755966685,0.9952696007043871,0.004404629406857737,0
0.8163686668538916,1.6447665408098522,0.07533446441839704,0.6669169689338866,0.9968184313760394,0.00567528152920673,0
0.9040264183973901,2.021429139810615,0.0685561831034832,0.6445655024405952,0.9967289056196125,0.004699950241718315,0
1.1599787234042553,2.890163120567376,0.058309978079093175,0.5672362470611932,0.9974623297142363,0.0034000535435843265,0
1.2578876706198256,3.3214179160140223,0.05645039291132467,0.5432876424053925,0.995995970113275,0.0031866468598429347,0
1.2180836707152498,3.1454300085879034,0.05934418613996674,0.5523058078898316,0.9952978515289631,0.0035217324286150207,0
1.447606878757577,4.412855079441503,0.04854494052609093,0.5080241717647397,0.996387733665216,0.002356611250681705,0
1.274578665273505,4.088107815251253,0.0633771690235405,0.5464150778008727,0.9960385074448124,0.004016665553438421,0
1.2709953856295322,3.5180473156082908,0.05788151323491797,0.5469787495334689,0.9979519344225208,0.003350269574363984,0
1.4654919611955057,4.485610284213936,0.05812770236697895,0.5025059305621936,0.992655373897244,0.0033788297824640903,0
1.2060567981905002,3.1385021362151293,0.06767161847993966,0.5587400004250355,0.992881029811335,0.004579447947694512,0
1.25052002624562,3.353785372255029,0.0627240466672945,0.5493093855819446,0.9934309896793654,0.003934306030320938,0
1.3153003817560782,3.7562889290737402,0.06272708839167086,0.5381698170550493,0.9949544473817875,0.00393468761809649,0
1.252590204727972,3.397279719488746,0.0613473536684359,0.5496599482164508,0.9966985025498732,0.003763497802120155,0
1.2779811538200798,3.5359975594874924,0.05507367146828456,0.5444622258541952,0.9971215387208963,0.0030331092889965407,0
1.690937850028759,6.199489904035359,0.04469305253656144,0.4729395288534584,0.995371906702115,0.001997468945035841,0
1.5490550430670194,5.053811296326267,0.04729272700097939,0.4917734740694022,0.9961372425386497,0.0022366020271891653,0
1.582223283202037,5.511991724357444,0.04089256792701044,0.491558885443384,0.9976711612128882,0.001672202111665163,0
1.2207425343018563,4.191271762942465,0.07039849877425851,0.5591398069272064,0.9939561993862225,0.004955948629669277,0
1.0582303188028626,2.510567614991818,0.0872303834181879,0.5949865839564735,0.9942470171772887,0.007609139791284069,0
1.572170253988436,5.35909545000454,0.04320661059682806,0.49115987656699633,0.9967109487739149,0.0018668111992659346,0
1.567814654338083,5.054481023212877,0.04633575998797468,0.48314077785653364,0.9968816050797636,0.0021470026536631955,0
1.3825668090810086,4.191815363994303,0.048788294625109016,0.5281138161331961,0.9956849505547457,0.0023802976924264412,0
1.4028258077265092,4.248345025195138,0.046115445695515164,0.5206305843676535,0.9964752502378675,0.0021266343316960084,0
1.0345288953570255,2.374763313146487,0.06935925526108613,0.5988135992409267,0.995410182711295,0.004810706290372504,0
1.7147289993691714,6.389272500980342,0.042038229355937345,0.46560549085077724,0.9966589505270373,0.0017672127273823926,0
1.59417513080948,5.430801785164665,0.0475082381699194,0.4850201010774757,0.9958176917794946,0.0022570326940097867,0
1.3915995857458927,4.012792449277408,0.04544037495720167,0.5164745820252676,0.9967989762521156,0.0020648276762510807,0
1.3768897023930582,3.865014801256412,0.049003277756291555,0.5161861059759303,0.9960785989317125,0.002401321230860259,0
1.2022776238842723,3.0238073253308717,0.05886812797506559,0.553262103858871,0.9953975994719442,0.0034654564912887003,0
1.3409090909090908,3.83527835800563,0.056791683321926946,0.5289194616557533,0.9954938119934654,0.0032252952945380354,0
1.4199815336178974,4.211947143765326,0.05275675466229117,0.5106402283029697,0.9963188010575771,0.002783275162497181,0
1.5896191266951951,5.53958825658385,0.039967755805329,0.4918391846300163,0.9966191397088854,0.0015974215041144096,0
1.4539579342504985,4.63580426075347,0.0449338724055149,0.5146280160610831,0.9979580858825402,0.0020190528893550934,0
0.9160897588923371,1.938561311371051,0.08932505087489952,0.6329492336244508,0.9968740808520765,0.007978964713803386,0
1.5984227446252761,5.436136226642555,0.05388863716644614,0.48194062458340414,0.9918196434197809,0.00290398521565688,0
1.6130120860147545,5.308768900748181,0.05958029066450455,0.47456940597292396,0.9892122940550079,0.0035498110356668483,0
1.6950307965340852,5.9311723561958445,0.04960335957772139,0.46388247601102583,0.9946253251016363,0.0024604932813967243,0
1.7720873957891763,6.4006199660873255,0.04338312525311988,0.4512183871222616,0.9955099545413116,0.0018820955567278878,0
1.5711289944859597,5.627738391773649,0.0575835346140295,0.49890614761418983,0.993889290473371,0.0033158634586451336,0
1.6577292638123498,6.112353398332627,0.05549270165659447,0.4832154671768919,0.9964430941368053,0.0030794399371478027,0
1.2398822312405509,3.2582637065329836,0.0663464847576059,0.5488548428775808,0.9957359320145165,0.004401856039691233,0
1.2569703024248478,3.492204764932037,0.07092054711910793,0.5498700331714582,0.9944267624080613,0.005029724003673608,0
1.8691797521013418,7.682352138850527,0.039498885558729185,0.4520548711221534,0.9942203044397255,0.0015601619603815848,0
1.7948373202956756,7.315424014900181,0.04135644344740418,0.4676873724617011,0.9936512022563443,0.0017103554146183405,0
0.9081021285951821,3.1225831718679147,0.06815791013696419,0.651374292160502,0.9958250757863576,0.004645500714238486,0
1.2858518341688547,3.664892177926314,0.06999176274275269,0.5479477800210764,0.9955037744165827,0.004898846851837784,0
1.31285697236288,3.7581538881216647,0.054893261472663976,0.5381577667231069,0.997240142800692,0.0030132701551062553,0
1.2124699503861691,3.062076961110258,0.07499908472953061,0.5509999413522007,0.9878443548124575,0.005624862710267312,0
1.1428023723455862,2.758344678653584,0.07523550046396772,0.5674302295977647,0.9941742422463034,0.005660380530063687,0
1.4694040208324743,4.581220541149634,0.061312570725999715,0.5044162928876467,0.9951235440189923,0.003759231329030717,0
1.460181427548341,4.595360865759528,0.05639825519078127,0.5079528438313776,0.9970204940776668,0.003180763188564486,0
1.4217666144551353,4.296477586335496,0.06027690808774094,0.5144702915540412,0.9969221317940367,0.003633305648617969,0
1.4294681861348526,4.326695156695158,0.05347327011150671,0.5116161571279658,0.9976455163934504,0.002859390616418157,0
1.7200438038716972,6.2004733644199534,0.0472820802116056,0.46151554018923785,0.9961102804782513,0.0022355951091367057,0
1.7179717884715855,6.3617673806621395,0.05151960021583007,0.4662537133054548,0.9946430946189921,0.0026542692063989577,0
1.5509568313306632,5.131170062498791,0.05677767435663231,0.49726792707330936,0.9970475686223127,0.0032237043053477818,0
0.9772524394373137,2.362832312412145,0.09031702216190289,0.6288239168676265,0.9915374476329353,0.008157164492193659,0
1.6056741484853245,5.464461361377074,0.045646987711205275,0.4822420928001738,0.9966120214146851,0.0020836474871069256,0
1.3281826001474568,3.6857643155566477,0.05948690968889561,0.5284425537875213,0.9966288886116765,0.003538692424334823,0
1.92202657807309,7.773964562569215,0.042103217799471473,0.43395136206988644,0.9930743994240976,0.0017726809490697312,0
1.7979706650592728,7.24028531243721,0.04231024060104982,0.4623871956846046,0.9960093897425857,0.0017901564597187247,0
1.0703428515928517,6.484403328153328,0.06609725091199972,0.6156503067294123,0.9945558386588947,0.004368846578123847,0
0.8978398376894617,1.8163606294648185,0.08822262205349245,0.6329182158098923,0.9908108380412493,0.007783231041993372,0
